,id,prediction
0,11166.0,329548100.3
1,2243.0,332711646.0
2,500.0,73061550.0
3,12884.0,503582981.0
4,4019.0,214607453.33333334
5,14612.0,149622281.0
6,11584.0,250720750.0
7,4629.0,1147863000.0
8,440.0,88970666.66666667
9,11560.0,810613053.3333334
10,11.0,1510534175.0
11,14858.0,100050600.0
12,17552.0,162153000.0
13,10562.0,563871611.0
14,11615.0,139086375.0
15,11857.0,45014848.0
16,14881.0,647618459.3333334
17,5371.0,99474000.0
18,12071.0,143331574.66666666
19,13084.0,466136333.3333333
20,13629.0,868859137.5
21,1602.0,266561546.66666666
22,6198.0,332618500.0
23,3177.0,241811400.0
24,18166.0,98879451.5
25,3047.0,574449300.0
26,6497.0,290272425.0
27,12824.0,72664000.0
28,4414.0,69670666.66666667
29,9911.0,130842995.0
30,7703.0,76687200.0
31,14768.0,341966333.3333333
32,6665.0,191085050.0
33,5422.0,161572433.33333334
34,17368.0,392634500.0
35,3520.0,153716933.33333334
37,11127.0,60844570.0
38,1443.0,75338700.0
39,412.0,117851562.5
40,10397.0,310534415.0
41,2947.0,93034000.0
42,8221.0,217973750.0
43,2950.0,125527550.0
44,10972.0,288105050.0
45,8966.0,295210920.0
46,14788.0,132532500.0
47,10511.0,197236763.33333334
48,5504.0,853045000.0
49,8145.0,263387500.0
50,14379.0,568001820.0
51,13126.0,242934252.5
52,3961.0,196637556.66666666
53,8159.0,131775837.5
54,7447.0,335296000.0
55,8496.0,301477750.0
56,3861.0,133846375.0
57,2466.0,75395200.0
58,13928.0,133963400.0
59,16929.0,1021867025.0
60,510.0,129819341.33333333
61,7658.0,367396666.6666667
62,3391.0,285314888.0
63,7140.0,183572600.0
64,759.0,210629140.0
65,15526.0,207650666.66666666
67,7200.0,160586825.0
68,4126.0,81795000.0
69,4184.0,240682225.0
70,12570.0,265649901.25
71,12686.0,196762000.0
72,8161.0,106793125.0
73,4937.0,131511756.66666667
74,10244.0,310483333.3333333
75,5876.0,168443722.5
76,4338.0,110758066.66666667
77,11994.0,140474875.0
78,4291.0,310365713.0
79,13081.0,97570333.33333333
80,3088.0,344190475.0
81,13579.0,150006070.5
82,8825.0,121304900.0
83,11036.0,198305000.0
84,4477.0,120591400.0
85,3196.0,64297992.5
86,14104.0,195317325.0
87,13495.0,150407166.66666666
88,16334.0,596699000.0
89,9066.0,152107000.0
90,17594.0,69444500.0
91,1973.0,197712160.0
92,15141.0,168589225.0
93,5956.0,160735600.0
94,4908.0,127973273.5
95,11670.0,163308504.0
96,8244.0,354990300.0
97,13350.0,537230000.0
98,12928.0,105481750.0
99,8665.0,120200415.0
100,3372.0,1653157500.0
101,7606.0,149261785.0
102,9797.0,373272000.0
103,1117.0,146427754.0
104,889.0,320738000.0
105,8332.0,428694400.0
106,14463.0,135501536.66666666
107,11103.0,211663116.66666666
108,16414.0,274097025.0
109,13175.0,445483666.6666667
110,2252.0,576829700.0
111,3099.0,261730000.0
112,5855.0,150529650.0
113,4549.0,264504000.0
114,6999.0,136253395.0
115,1459.0,98197000.0
116,9564.0,251961263.33333334
117,3114.0,184249100.0
118,12456.0,626529900.0
119,2896.0,545842314.0
120,5453.0,164414375.0
121,7114.0,98879451.5
122,70.0,161170666.66666666
123,3759.0,101489970.0
124,9036.0,133828900.0
125,12351.0,283362666.6666667
126,17940.0,79866333.33333333
127,10621.0,93230901.66666667
128,1753.0,265349750.0
129,5288.0,228893466.75
130,17721.0,130592450.0
131,13594.0,90844395.0
132,2557.0,274742175.0
133,5000.0,552111628.6666666
134,4614.0,312449333.3333333
135,1080.0,117687533.33333333
136,6318.0,171932475.0
137,430.0,68375337.5
138,8371.0,185537916.25
139,18224.0,200445561.0
140,8977.0,136462100.0
141,15827.0,223495530.0
142,14124.0,317127854.5
143,8693.0,147324750.0
144,9591.0,84722250.0
145,13742.0,299192892.5
146,3533.0,1162118500.0
147,12643.0,159675443.0
148,8167.0,129252807.5
149,14551.0,102394400.0
151,2946.0,208417412.5
152,1221.0,266984850.0
153,15491.0,169018650.0
154,2086.0,80663250.0
155,6697.0,98988850.0
156,9472.0,74586325.0
157,4706.0,125131032.66666667
158,14193.0,290254621.3333333
159,4748.0,95119162.5
160,2109.0,694560800.0
161,7075.0,134063250.0
162,11645.0,101169800.0
163,262.0,117190266.66666667
164,9123.0,222583000.0
165,3866.0,623864000.0
166,8997.0,362241000.0
167,10829.0,115905560.0
168,14431.0,119051753.33333333
169,12713.0,103986000.0
170,5094.0,88858000.0
171,9059.0,136112500.0
172,9376.0,362241000.0
173,724.0,719327600.0
174,6386.0,133437033.33333333
175,6644.0,128223500.0
177,15426.0,216457500.0
178,5848.0,118457125.0
179,10390.0,320857572.0
180,13680.0,254811050.0
181,14145.0,155595392.5
182,16039.0,315975625.0
183,17846.0,290613720.0
184,9230.0,570799150.0
185,7097.0,160623125.0
186,17197.0,145610938.66666666
187,8804.0,105467642.66666667
188,15004.0,117687533.33333333
189,9375.0,155043500.0
190,15822.0,594899490.0
191,16678.0,626529900.0
192,3728.0,83446237.25
193,6340.0,196637556.66666666
194,1737.0,0.0
195,13128.0,230588900.0
196,6780.0,399063680.0
197,4582.0,168018000.0
198,9790.0,481044333.3333333
199,6977.0,87305656.25
200,17631.0,377835000.0
201,10222.0,105558983.75
202,9649.0,371495300.0
203,8826.0,166084760.0
204,5226.0,126480937.5
205,18217.0,161370175.0
206,3675.0,83573950.0
207,16203.0,638726750.0
208,4124.0,70185000.0
209,13049.0,54068716.666666664
210,6885.0,58373400.0
211,3339.0,102230500.0
212,11599.0,72859733.33333333
213,14640.0,136181440.0
214,15354.0,88171300.0
215,16087.0,445084625.0
216,16876.0,511284980.0
217,6191.0,54683663.666666664
218,5778.0,352732250.0
219,7208.0,222276740.0
220,3756.0,98745750.0
221,2363.0,250761750.0
222,13561.0,223311262.5
223,11734.0,236192690.0
224,5309.0,149013000.0
225,2289.0,158189700.0
226,16442.0,496333550.0
227,14418.0,256997125.0
228,2483.0,230205154.25
229,2429.0,123965120.0
230,4501.0,216526300.0
231,17343.0,66074000.0
232,9333.0,260467000.0
233,7971.0,233842290.0
234,6376.0,405378666.6666667
235,9741.0,52135500.0
236,8799.0,168018000.0
237,12653.0,115217658.0
238,15046.0,370810133.3333333
239,7953.0,126336597.26333334
240,2969.0,140350000.0
241,17300.0,142094200.0
242,733.0,255783133.33333334
243,12756.0,310483333.3333333
244,17620.0,107801704.25
245,5185.0,89705357.5
246,6387.0,198305000.0
247,12871.0,170223200.0
248,7066.0,161170666.66666666
249,1483.0,267839456.25
250,11476.0,99999250.0
251,14907.0,188867000.0
252,1084.0,132133133.33333333
253,9611.0,174087550.0
254,9836.0,159237453.0
255,3610.0,521889500.0
256,9555.0,339652126.6666667
257,18270.0,1387383500.0
258,6573.0,89154000.0
259,18265.0,219556580.0
260,4457.0,436063750.0
261,12148.0,104021687.5
262,5863.0,1119393487.5
263,15016.0,349768150.0
264,10300.0,117025375.0
265,4819.0,404318075.0
266,11756.0,290254621.3333333
267,251.0,78958637.5
268,13057.0,113905942.5
269,4038.0,134435983.33333334
270,17074.0,174773850.0
271,7791.0,133846375.0
272,14923.0,55217812.5
273,2480.0,652112125.0
274,12405.0,410231250.0
275,7645.0,251386300.0
276,2800.0,240213000.0
277,5881.0,162398300.0
278,13921.0,152999500.0
279,11606.0,143945250.0
280,13693.0,169669516.66666666
281,16583.0,249698750.0
282,7382.0,214681300.0
283,2516.0,104528711.5
284,866.0,356816727.5
285,11473.0,171213873.33333334
286,15584.0,77117950.0
288,7541.0,174724327.5
289,574.0,262280066.66666666
290,6369.0,151385166.66666666
291,2292.0,211663116.66666666
292,17248.0,2387785620.0
293,10125.0,526514066.6666667
294,637.0,176906356.66666666
295,13260.0,122212903.33333333
296,15392.0,240316750.0
297,15191.0,120909850.0
298,6962.0,58225646.4
299,8805.0,114335233.33333333
300,17164.0,580975333.3333334
301,3208.0,165324250.0
302,2758.0,223414275.0
303,2260.0,173360166.66666666
304,11494.0,194882324.66666666
305,15885.0,249687500.0
306,10749.0,781573500.0
307,9324.0,59366500.0
308,6761.0,125000750.0
309,4404.0,424108633.3333333
310,15032.0,179006000.0
311,4977.0,141676375.0
312,8457.0,68753850.0
313,12230.0,238430340.0
314,16348.0,224438495.0
315,12632.0,187098800.0
316,13744.0,315295100.0
317,4094.0,301248726.6666667
318,17760.0,58411500.0
320,4310.0,131007435.0
321,2271.0,175744500.0
322,13642.0,152999500.0
323,4260.0,75525000.0
325,17640.0,150172500.0
326,11047.0,70352666.66666667
327,7132.0,168589225.0
329,2532.0,319145500.0
330,12515.0,219556580.0
331,7717.0,299192892.5
332,13531.0,129730800.0
333,17230.0,289546000.0
334,11377.0,360895147.5
335,16125.0,289204500.0
336,3940.0,204311000.0
337,13717.0,301076360.0
338,10458.0,200995660.0
339,5380.0,99590466.0
340,12923.0,93470000.0
341,3888.0,138819000.0
342,1702.0,201682200.0
343,11008.0,228900000.0
344,11275.0,96273000.0
345,15854.0,363240766.6666667
346,9718.0,137369475.0
347,10383.0,231681000.0
348,12662.0,253749966.66666666
349,11817.0,77442133.33333333
350,8990.0,321440000.0
351,17018.0,219997900.0
352,16629.0,189533458.33333334
353,12138.0,232535122.5
354,12502.0,318760740.5
355,9127.0,404318075.0
356,7424.0,131922698.66666667
357,549.0,496333550.0
358,11046.0,325933633.3333333
359,11918.0,104910826.0
360,9894.0,443043500.0
361,14360.0,110601600.0
362,13545.0,376431500.0
363,2388.0,84722250.0
364,4540.0,329548100.3
365,7701.0,201570333.33333334
366,4403.0,173133333.33333334
367,14963.0,302178201.5
368,11113.0,143210825.0
369,12622.0,178614824.66666666
370,927.0,166261675.0
371,1350.0,78010000.0075
372,12437.0,214607453.33333334
373,3421.0,186033090.5
374,3765.0,186316009.0
375,11271.0,280081000.0
376,15384.0,157535700.0
377,6088.0,44636666.666666664
378,3998.0,108639333.33333333
379,17723.0,97009296.66666667
380,9635.0,207437573.33333334
381,10960.0,105756200.0
382,9854.0,141475666.66666666
384,7758.0,80555250.0
385,7420.0,160586825.0
386,11641.0,356816727.5
387,4920.0,163347750.0
388,6201.0,180907500.0
390,11691.0,342002500.0
391,12982.0,159306125.0
392,12673.0,95488025.0
393,4868.0,596699000.0
394,12343.0,1162804916.6666667
395,12359.0,172501000.0
396,257.0,369640600.0
397,4381.0,125675873.33333333
398,2025.0,140325000.0
399,7678.0,372088001.25
400,17500.0,105376085.25
401,16574.0,428694400.0
402,7671.0,44779000.0
403,353.0,136124682.5
404,14535.0,132143113.0
406,12134.0,218954000.0
407,315.0,408579750.0
408,2599.0,384749666.6666667
409,1046.0,233367266.66666666
410,14680.0,405378666.6666667
411,13544.0,84528333.33333333
412,1989.0,141580108.5
413,5578.0,90112560.0
414,75.0,102394400.0
415,16427.0,159227125.0
416,14068.0,314871433.3333333
417,12084.0,325453900.0
418,4967.0,274901850.0
419,14370.0,112504666.66666667
420,4263.0,210138583.33333334
421,1575.0,73061550.0
422,4987.0,67764650.0
423,14720.0,250535550.0
424,3996.0,300751333.3333333
425,10306.0,131891400.0
426,15347.0,339832000.0
427,12567.0,654721333.3333334
428,12850.0,577726682.6666666
429,6288.0,251931966.66666666
430,12969.0,148417200.0
431,12159.0,115949250.0
432,7893.0,160177762.5
433,14698.0,152107000.0
434,6587.0,162902433.33333334
435,8335.0,91836000.0
436,3877.0,98549000.0
437,7647.0,90124166.66666667
438,10020.0,216457500.0
439,2032.0,125031115.0
440,16927.0,91415689.75
441,6107.0,179819400.0
442,17204.0,244236300.0
443,14870.0,177526400.0
445,9553.0,424652500.0
446,16094.0,301477750.0
448,9136.0,221275133.33333334
449,11804.0,248689200.0
450,11391.0,139716600.0
451,3682.0,231681000.0
452,13389.0,128222750.0
453,12277.0,307189766.6666667
454,2898.0,173860013.33333334
455,5067.0,790042770.0
456,5194.0,134435983.33333334
457,7359.0,344335900.0
458,4707.0,128152400.0
459,91.0,223446750.0
460,2125.0,249687500.0
461,2176.0,548036025.0
462,2489.0,1020198375.0
463,4844.0,116889975.0
464,3258.0,865062353.3333334
465,934.0,101809666.66666667
466,14877.0,73200000.0
467,11319.0,701142666.6666666
468,8095.0,55931000.0
469,7435.0,79174161.33333333
470,16318.0,205770266.66666666
471,540.0,0.0
472,18084.0,170401000.0
473,5568.0,158467299.0
474,15186.0,1641760400.0
475,8133.0,139966015.0
476,11638.0,160059800.0
477,15138.0,136397900.0
478,8445.0,865843500.0
479,7517.0,133560100.0
480,14546.0,115538500.0
481,16010.0,110133000.0
482,3040.0,182743300.0
483,4262.0,92266545.0
484,1790.0,277324664.6666667
485,1299.0,181086100.0
486,18267.0,186047375.0
487,16884.0,74500000.0
488,358.0,64791110.0
489,144.0,722366812.5
490,9190.0,85025100.0
491,7240.0,494067915.0
492,12589.0,174480000.0
493,14404.0,101575400.0
494,15052.0,106616500.0
495,8664.0,180104433.33333334
496,5510.0,147523510.75
497,11720.0,185230400.0
498,7770.0,142290350.0
499,6214.0,51638439.0
500,15809.0,449884666.6666667
501,4914.0,684539800.0
502,1565.0,275547800.0
503,209.0,230233514.5
504,15033.0,612410425.0
505,6448.0,498698766.6666667
506,7744.0,72859733.33333333
507,1998.0,674246160.0
508,663.0,526514066.6666667
509,1185.0,123857550.0
510,7394.0,275547800.0
511,7941.0,101339280.0
512,5585.0,261856232.5
513,11573.0,207650666.66666666
515,11931.0,428585248.0
516,1907.0,333461450.0
517,16997.0,105404350.0
518,1950.0,270841553.5
519,9279.0,276066283.3333333
520,1207.0,217314450.0
521,6455.0,174524633.33333334
522,6778.0,99786583.5
523,10745.0,218059375.0
524,17660.0,150721100.0
525,8673.0,108639333.33333333
526,2847.0,91058000.0
527,120.0,511415825.0
528,7018.0,709854606.6666666
529,1670.0,119739506.66666667
530,5732.0,163464000.0
531,7828.0,907468800.0
532,2630.0,363324620.0
533,13961.0,336050250.0
534,13631.0,327668500.0
535,15080.0,679969745.5
536,1987.0,317127854.5
537,6074.0,105481750.0
538,608.0,593414741.5
539,9739.0,318581200.0
540,2406.0,175020296.0
541,16669.0,455264381.6666667
542,7344.0,80663250.0
543,6021.0,221275133.33333334
544,7179.0,78749200.0
545,15117.0,641516500.0
546,1748.0,968761475.0
547,12383.0,210736500.0
548,416.0,176461250.0
549,17318.0,318510153.0
550,16986.0,55931000.0
551,12268.0,129983440.0
552,8310.0,107058000.0
553,10104.0,264372437.5
554,11228.0,282259952.0
555,8758.0,709854606.6666666
556,16800.0,216538937.5
557,13235.0,85826180.0
558,8387.0,104910826.0
559,1788.0,185457066.66666666
560,8323.0,86848123.75
561,5421.0,273350000.0
562,8915.0,104452351.25
563,4647.0,221374800.0
564,7060.0,339832000.0
565,11426.0,452260000.0
566,6283.0,103285180.0
567,17900.0,113905942.5
568,16129.0,130127064.5
569,14913.0,111817000.0
570,9863.0,143210825.0
571,11509.0,262547000.0
572,15795.0,221835313.33333334
573,5311.0,117910700.0
574,14658.0,202130760.0
575,11087.0,116021037.5
576,3284.0,361157030.0
577,6874.0,175676000.0
578,11386.0,123815775.0
579,1826.0,118641300.0
580,3138.0,270234833.3333333
581,6683.0,153161075.0
582,12361.0,212713250.0
583,17147.0,405621855.0
584,17106.0,93757175.0
585,16566.0,292093021.5
586,11516.0,265145000.0
587,14194.0,139929603.33333334
588,16793.0,321832626.6666667
589,8571.0,304941650.0
590,18064.0,405378666.6666667
591,17127.0,196720000.0
592,6001.0,211558685.0
593,15571.0,103645150.0
594,9119.0,219842660.0
595,6575.0,101575400.0
596,13754.0,190200250.0
597,18006.0,303048916.6666667
598,6299.0,103393766.66666667
599,10663.0,77117950.0
600,8028.0,153547500.0
601,14171.0,68175850.0
602,12705.0,184374533.33333334
603,7568.0,239681250.0
604,14202.0,135929510.0
605,6695.0,197236763.33333334
606,17032.0,137696625.0
607,10046.0,307618962.5
608,8374.0,87930293.33333333
609,9651.0,328529287.5
610,1093.0,180108600.0
611,7989.0,230205154.25
612,161.0,241368866.66666666
613,1357.0,274759000.0
614,5530.0,175681636.66666666
615,17095.0,105458955.5
616,8629.0,198544125.0
617,10409.0,125031115.0
618,6326.0,594899490.0
619,9678.0,134684887.5
620,15489.0,304941650.0
621,7930.0,143554666.66666666
622,7387.0,238716800.0
623,5177.0,98549000.0
624,7649.0,219669630.0
625,8111.0,100006444.66666667
626,12436.0,67370666.66666667
627,2007.0,242952260.0
628,16943.0,97367250.0
629,14345.0,126750000.0
630,8080.0,219115010.0
631,7142.0,55882424.5
632,10684.0,581933327.0
633,13382.0,398974026.6666667
634,12880.0,105376085.25
635,2281.0,143945250.0
636,4358.0,129357000.0
637,13766.0,91870500.0
638,15002.0,133846375.0
639,2423.0,92018500.0
640,14775.0,510112000.0
641,4313.0,148352750.0
642,16225.0,195049089.0
643,3365.0,539987985.0
644,3469.0,153543333.33333334
645,13927.0,185356533.33333334
646,2782.0,252795300.0
647,2855.0,85413300.0
648,3708.0,161510000.0
649,6443.0,460403200.0
650,8688.0,119771462.5
651,15958.0,117101840.0
652,6254.0,315818150.0
653,14137.0,436063750.0
654,7839.0,143697975.0
655,147.0,1119393487.5
656,15472.0,286194950.0
657,3879.0,274112250.0
658,16849.0,146184700.0
659,12033.0,66152250.0
660,17007.0,286279724.0
661,1454.0,78361425.0
662,8210.0,123069456.66666667
663,616.0,433910625.0
664,2170.0,129197666.58333333
665,9096.0,64297992.5
666,15251.0,607333000.0
667,5428.0,100006569.5
668,11818.0,244236300.0
669,16819.0,466136333.3333333
670,14131.0,216162977.5
671,1678.0,82268000.0
672,5765.0,98166833.33333333
674,5521.0,198014050.0
675,17740.0,248000000.0
676,10623.0,143697975.0
677,4278.0,34382833.333333336
678,6571.0,244206000.0
679,12235.0,132598600.0
680,14736.0,147970825.0
681,1129.0,84141742.5
682,9316.0,237917750.0
683,16363.0,908833100.0
684,16387.0,73459200.0
685,13986.0,389857400.0
686,8274.0,204117000.0
687,11373.0,202192133.33333334
688,4355.0,152605866.66666666
689,5799.0,659265000.0
690,16671.0,102273920.0
691,13451.0,170310656.66666666
692,50.0,101809666.66666667
693,10130.0,98988850.0
694,11299.0,298539875.0
695,4760.0,278417900.0
696,4273.0,1231613833.3333333
697,11150.0,777644000.0
698,3307.0,231768000.0
699,533.0,207248137.5
700,17641.0,212312033.33333334
701,14510.0,86370600.0
702,8268.0,135200000.0
703,4778.0,218859175.0
704,16315.0,138260111.33333334
705,17497.0,384983125.0
706,9120.0,115300513.33333333
707,3690.0,150094575.0
708,4109.0,164542052.5
709,5643.0,64080000.0
710,5188.0,153716933.33333334
711,6102.0,368882515.0
712,10199.0,116088700.0
713,16741.0,63595600.0
714,1279.0,120474133.0
715,17943.0,101339280.0
716,1513.0,315536000.0
717,15523.0,87987300.0
718,3852.0,498698766.6666667
719,12047.0,523054400.0
720,7830.0,362445375.0
721,18106.0,56892144.0
722,14859.0,178446000.0
723,6220.0,247245277.5
724,9855.0,211089833.33333334
725,12341.0,230899000.0
726,16000.0,245664000.0
727,6004.0,173860013.33333334
728,11121.0,132861300.0
729,12827.0,1026745500.0
730,15417.0,132598600.0
731,6589.0,204954450.0
732,9162.0,86173450.0
733,3581.0,1180093740.0
734,17605.0,161370175.0
735,6057.0,219625515.0
736,5689.0,241368866.66666666
737,8609.0,554662725.0
738,9571.0,227742309.0
739,7379.0,309027616.6666667
740,16744.0,150037686.66666666
741,9749.0,237789700.0
742,16795.0,150012150.0
743,11753.0,156303427.0
744,10575.0,356065150.0
745,18253.0,239873925.0
746,13625.0,98745750.0
747,9242.0,142804500.0
748,4588.0,2061908125.0
749,14159.0,61900000.0
750,4952.0,238686000.0
751,4817.0,262357300.0
752,3330.0,114470190.0
753,15755.0,194275113.33333334
754,11081.0,376815590.0
755,3580.0,67178750.0
756,968.0,162714190.0
757,14740.0,170716220.0
758,8770.0,191260937.5
759,6866.0,273450277.0
760,14271.0,99297600.0
761,5901.0,315818150.0
762,2881.0,337626603.3333333
763,7862.0,266561546.66666666
764,6717.0,235790025.0
766,2810.0,87387480.0
767,4220.0,106624500.0
768,2380.0,99555200.0
769,9031.0,137696625.0
770,10907.0,300751333.3333333
771,17312.0,71565000.0
772,7659.0,98197000.0
773,5908.0,64935400.0
774,648.0,296582440.0
775,17883.0,100136400.0
776,13272.0,861461565.0
777,13346.0,970332000.0
778,471.0,193912730.0
779,7331.0,207437573.33333334
780,7118.0,168377397.5
781,3573.0,143554666.66666666
782,6239.0,78361425.0
783,2518.0,84528333.33333333
784,18330.0,123556812.5
785,5147.0,110396775.0
786,2546.0,91862460.0
787,16486.0,613680375.0
788,2053.0,171982919.25
789,6366.0,87354225.0
790,10779.0,935098875.0
791,17712.0,64297992.5
792,10324.0,344190475.0
793,5603.0,159063606.66666666
794,7488.0,797392475.0
795,10642.0,104496750.0
796,13105.0,197288400.0
797,1050.0,105277364.66666667
798,7206.0,459084050.0
799,14373.0,125031115.0
800,12007.0,261856232.5
801,16901.0,194860250.0
802,1164.0,91870500.0
804,98.0,939559675.0
805,12660.0,395417157.5
806,1347.0,60576773.333333336
807,645.0,181976400.0
808,12687.0,125031115.0
809,12991.0,96834093.33333333
810,7270.0,261856232.5
811,6360.0,152999500.0
812,2886.0,596549666.6666666
813,16662.0,50949535.0
814,15500.0,155051393.33333334
815,11327.0,95754375.0
816,15129.0,115449650.0
817,2126.0,307618962.5
818,2383.0,115200000.0
819,8440.0,129002875.0
820,978.0,213442093.33333334
821,13700.0,131425720.0
822,15964.0,134953325.0
823,14410.0,106241370.0
824,6796.0,289546000.0
825,2908.0,388005750.0
826,16512.0,123965120.0
827,16696.0,130260350.0
828,10092.0,70969956.0
829,12650.0,77955733.33333333
830,9830.0,201322000.0
831,10108.0,191085050.0
832,3870.0,49147582.5
833,13786.0,143697975.0
834,8213.0,128268916.66666667
835,18080.0,246297414.0
836,12674.0,285731578.5426667
837,15440.0,104729760.0
838,15771.0,531376000.0
839,6507.0,77425323.66666667
840,16705.0,203806600.0
841,2351.0,250663833.33333334
842,2136.0,104021687.5
843,16429.0,34382833.333333336
844,14911.0,371495300.0
845,12602.0,223311262.5
846,10868.0,117010700.0
847,16229.0,233340500.0
848,16627.0,105048000.0
849,6982.0,360920633.3333333
850,146.0,98197000.0
851,5712.0,155595392.5
852,14772.0,159916080.0
853,7738.0,130127064.5
854,2045.0,155328900.0
855,8435.0,596765633.3333334
856,14307.0,105458955.5
857,5698.0,89175500.0
858,1091.0,225415800.0
860,16167.0,1641760400.0
861,7944.0,176085717.5
862,13069.0,113993300.0
863,2994.0,429569333.3333333
864,12578.0,134690800.0
865,3337.0,303396105.0
866,15700.0,145060475.0
867,15568.0,117025375.0
868,4129.0,266561546.66666666
869,4905.0,284433750.0
870,14318.0,119897293.33333333
871,2026.0,151072000.0
872,15797.0,344190475.0
873,13034.0,773823250.0
874,1690.0,311953050.0
875,751.0,240952800.0
876,9563.0,365627055.0
877,4253.0,299098200.0
878,15262.0,117687533.33333333
879,9801.0,261769000.0
880,17020.0,577304550.0
881,4044.0,123329433.33333333
882,3356.0,452260000.0
883,5731.0,920323500.0
884,24.0,132598600.0
885,10967.0,338287433.3333333
886,2091.0,96305000.0
887,10830.0,373558333.3333333
888,1519.0,1021867025.0
889,4564.0,238061125.0
890,11809.0,271052720.0
891,17406.0,54683663.666666664
892,18136.0,71000375.0
893,10853.0,202986990.0
894,12480.0,363324620.0
895,8761.0,169130250.0
896,6680.0,95754375.0
897,455.0,82488180.0
898,8436.0,165616862.5
899,11384.0,732875926.6666666
900,3376.0,70352666.66666667
901,2183.0,187137500.0
902,15917.0,136462100.0
903,3202.0,245664000.0
904,4098.0,99542840.0
905,7640.0,175020296.0
906,3305.0,64791110.0
907,11803.0,145771975.0
908,7360.0,171022875.0
909,14245.0,271798825.3333333
910,15434.0,231681000.0
911,4860.0,124114250.0
912,12565.0,475380250.0
913,375.0,204819152.5
914,11801.0,113918750.0
915,5919.0,110432566.66666667
916,1418.0,338524000.0
917,15940.0,175051025.0
918,12042.0,279262500.0
919,13016.0,545000543.3333334
920,5310.0,240213000.0
921,5230.0,484390282.0
922,10837.0,222276740.0
923,8954.0,290254621.3333333
925,8578.0,247245277.5
926,3289.0,242371300.0
927,5540.0,95796800.0
928,8198.0,84346533.33333333
929,17564.0,294079000.0
930,12691.0,84528333.33333333
931,12534.0,91870500.0
932,4006.0,351798166.6666667
933,14799.0,88858000.0
934,6419.0,120657600.0
935,17847.0,142211900.0
936,8871.0,309153000.0
937,1913.0,208116353.33333334
938,15880.0,146184700.0
939,17960.0,104168525.0
940,10371.0,248230001.25
941,3244.0,135153873.33333334
942,18185.0,201383673.33333334
943,6669.0,153073250.0
944,15366.0,131425720.0
945,17621.0,157606200.0
946,16852.0,125527550.0
947,1853.0,438997650.0
948,169.0,145053750.0
949,14258.0,168377397.5
950,8409.0,232535122.5
951,9569.0,805901433.3333334
952,9046.0,195317325.0
953,5727.0,137982000.0
954,4336.0,139966015.0
956,13409.0,230233514.5
957,12141.0,67290000.0
958,17792.0,235166133.33333334
959,3259.0,263531625.0
960,10914.0,116381810.66666667
961,15894.0,151880000.0
962,15149.0,123556812.5
964,9942.0,123423975.0
965,1237.0,129983440.0
966,6139.0,64526700.0
967,13486.0,237575000.0
968,4409.0,98734024.945
969,2820.0,86013841.66666667
970,13086.0,100065200.0
971,15889.0,722366812.5
972,18325.0,133731850.0
973,12525.0,202130760.0
974,15195.0,106773150.0
975,2389.0,1237000000.0
976,14715.0,250535550.0
977,9940.0,141102333.33333334
978,14688.0,350300350.0
979,3506.0,207858133.33333334
980,1401.0,92670900.0
981,11867.0,143690890.0
982,1339.0,123166050.0
983,7166.0,189607066.66666666
984,3314.0,170990120.0
985,138.0,254048300.0
986,3916.0,251931966.66666666
987,9368.0,319534135.0
988,16908.0,249246093.33333334
989,11096.0,173156200.0
990,8375.0,95309125.0
991,14197.0,229858666.66666666
992,15494.0,342835503.3333333
993,16946.0,121304900.0
994,14003.0,150529650.0
995,87.0,92361666.66666667
996,8484.0,176608468.0
997,7469.0,248230001.25
998,8029.0,331740500.0
999,14366.0,581933327.0
1000,16478.0,82140666.66666667
1001,13208.0,154744316.0
1002,14181.0,237789700.0
1003,12016.0,701142666.6666666
1004,1953.0,109473866.66666667
1005,16420.0,369572025.0
1006,12745.0,564620000.0
1007,654.0,209281741.25
1008,4663.0,286182340.0
1009,9541.0,63595600.0
1010,5447.0,101202766.66666667
1011,3794.0,310334000.0
1013,12601.0,112001950.0
1014,3512.0,127741050.0
1015,10922.0,350300350.0
1016,18143.0,55625922.5
1017,10899.0,212184000.0
1018,6616.0,128816131.25
1019,10694.0,96213430.66499999
1020,8263.0,103285180.0
1021,14277.0,132647550.0
1022,4947.0,204924300.0
1023,13966.0,253398560.0
1024,4223.0,180142000.0
1025,7067.0,143684982.66666666
1026,463.0,443043500.0
1027,11057.0,136181440.0
1028,11475.0,107549900.0
1029,7575.0,144742200.0
1030,14922.0,200291884.0
1031,872.0,44779000.0
1032,5282.0,268041633.33333334
1033,11758.0,204084000.0
1034,19.0,189619650.0
1035,4976.0,218457680.0
1036,12521.0,265649901.25
1037,12469.0,419770750.0
1038,12463.0,100773000.0
1039,16192.0,384749666.6666667
1040,870.0,618780500.0
1041,15373.0,301477750.0
1042,17679.0,141983686.66666666
1043,3848.0,347443150.0
1044,9618.0,231139500.0
1045,8178.0,200291884.0
1046,9267.0,159532675.0
1047,13321.0,119143433.33333333
1048,16580.0,294079000.0
1049,8289.0,144411850.0
1050,12340.0,75232498.0
1051,14846.0,119348550.0
1052,8090.0,617627250.0
1053,11052.0,201682200.0
1054,4738.0,50907800.0
1055,10901.0,1055587087.5
1056,1407.0,591757410.6666666
1057,12449.0,130592450.0
1058,4293.0,229387400.0
1059,14470.0,374966675.0
1060,2324.0,102394400.0
1061,8872.0,165054022.5
1062,10708.0,121831100.0
1063,6506.0,49147582.5
1064,1709.0,506799795.0
1065,4454.0,80663250.0
1066,13997.0,141257682.0
1067,8779.0,145512790.0
1068,1972.0,416892950.0
1069,17222.0,254531166.66666666
1070,11201.0,90589302.5
1072,14518.0,524243750.0
1073,8918.0,178559333.33333334
1074,1655.0,316243900.0
1075,15876.0,84650816.66666667
1076,17422.0,341966333.3333333
1077,11208.0,96834093.33333333
1078,7895.0,353741949.5
1079,5929.0,119239750.0
1080,10205.0,83315585.0
1081,9930.0,407148547.3
1082,3973.0,467830700.0
1083,16195.0,109155000.0
1084,12641.0,56825000.0
1085,1614.0,126095156.66666667
1086,5624.0,98072925.0
1087,13500.0,347443150.0
1088,13254.0,75785535.0
1089,17367.0,150377115.0
1090,16067.0,72859733.33333333
1091,7059.0,159676857.5
1092,5189.0,141132000.0
1093,7477.0,443043500.0
1094,14215.0,293079320.0
1095,16977.0,194471233.33333334
1097,785.0,242126375.0
1098,1369.0,98930395.0
1099,8039.0,170223200.0
1100,7948.0,216612726.66666666
1101,3790.0,321832626.6666667
1102,8430.0,634375625.0
1103,10071.0,137369475.0
1104,15406.0,539987985.0
1105,11085.0,58016750.0
1106,2016.0,419211433.3333333
1107,4342.0,178708140.0
1108,7609.0,140325000.0
1109,3968.0,112001950.0
1110,17746.0,479354680.0
1111,4628.0,121304900.0
1112,8474.0,105481750.0
1113,11277.0,85000445.0
1114,2923.0,244909957.5
1115,14184.0,360895147.5
1116,1938.0,146949750.0
1117,11596.0,254531166.66666666
1118,96.0,232409666.66666666
1119,2370.0,134063250.0
1120,16449.0,159879100.0
1121,10355.0,64791110.0
1122,14234.0,198674433.33333334
1123,14205.0,201229624.25
1124,3539.0,49025000.0
1125,14953.0,256354400.0
1126,4972.0,98734024.945
1127,14582.0,86713500.0
1128,11676.0,136715250.0
1129,351.0,598601300.0
1130,4910.0,136569891.0
1131,10594.0,391205850.0
1132,8032.0,317289880.0
1133,2320.0,77117950.0
1134,7942.0,138381666.66666666
1135,3742.0,168948750000.0
1136,2843.0,254873333.33333334
1137,3034.0,48930250.0
1138,8508.0,142860000.0
1140,1760.0,399063680.0
1141,13404.0,253448000.0
1142,10915.0,503582981.0
1143,12586.0,451918900.0
1144,16495.0,180109016.66666666
1145,3479.0,120374950.0
1146,12742.0,490199500.0
1147,6367.0,105234150.0
1148,13978.0,63595600.0
1149,6654.0,298539875.0
1150,13746.0,284433750.0
1151,13550.0,144688583.33333334
1152,3328.0,338524000.0
1153,14150.0,105277364.66666667
1154,13187.0,129029075.5
1155,8724.0,161077533.33333334
1156,6219.0,130013233.33333333
1157,5258.0,146184700.0
1158,12574.0,232409666.66666666
1159,1186.0,601478050.0
1160,9149.0,118812050.0
1161,7024.0,81870333.33333333
1162,11147.0,101118200.0
1163,3360.0,92047633.33333333
1164,9778.0,295210920.0
1165,13809.0,245529850.0
1166,7789.0,545842314.0
1167,10820.0,150721100.0
1168,5138.0,228441000.0
1169,10983.0,256445066.66666666
1170,17857.0,253398560.0
1171,8208.0,235790025.0
1172,3475.0,41678493.333333336
1173,14580.0,895628975.0
1174,162.0,380238320.0
1175,6155.0,119570782.5
1176,14070.0,121304900.0
1177,331.0,297671450.0
1178,8229.0,142918973.0
1179,10520.0,376650000.0
1180,9669.0,229858666.66666666
1181,2609.0,179114860.0
1182,5870.0,1365786433.3333333
1183,310.0,104910826.0
1184,4159.0,259628347.0
1185,18016.0,56344096.666666664
1186,17208.0,221609066.66666666
1187,16221.0,315536000.0
1188,1003.0,174524633.33333334
1189,14744.0,105358833.33333333
1190,16093.0,83525800.0
1191,5439.0,107099310.0
1193,3718.0,114435860.0
1194,12279.0,147147162.5
1195,6482.0,276094500.0
1196,15741.0,275108333.3333333
1197,17993.0,520753100.0
1198,13854.0,182743300.0
1199,13134.0,270168500.0
1200,1070.0,165302616.66666666
1201,8339.0,526514066.6666667
1202,12607.0,265649901.25
1203,3324.0,455222400.0
1204,9619.0,284343800.0
1205,16201.0,123423975.0
1206,4127.0,82140666.66666667
1207,4063.0,388005750.0
1208,13077.0,75622000.0
1209,10525.0,262022666.66666666
1210,13924.0,152107000.0
1211,9108.0,102374666.66666667
1212,47.0,219115010.0
1213,10391.0,1597996750.0
1214,11646.0,125463691.0
1215,14055.0,50420333.333333336
1216,6296.0,120200415.0
1217,5906.0,283752250.0
1218,17980.0,387854363.3333333
1219,14224.0,180912600.0
1220,2716.0,240316750.0
1221,8180.0,140474875.0
1222,2873.0,163708746.66666666
1223,5537.0,282227100.0
1224,684.0,128222750.0
1225,5517.0,375770533.3333333
1226,8813.0,153063466.66666666
1227,11837.0,459084050.0
1228,11061.0,244969487.5
1229,16091.0,1768105300.0
1230,16676.0,1305104300.0
1231,14331.0,392950715.0
1232,8482.0,265731563.25
1233,3791.0,98988850.0
1234,6412.0,165767850.0
1235,16383.0,137706500.0
1236,6036.0,279262500.0
1237,17526.0,144910270.0
1238,2143.0,266561546.66666666
1239,16584.0,359832666.6666667
1240,425.0,89174364956.75
1241,6700.0,156918333.33333334
1242,3660.0,694787623.3333334
1243,12640.0,289998400.0
1244,8361.0,93201555.0
1245,8150.0,1653157500.0
1246,12431.0,292072731.98333335
1247,957.0,279262500.0
1248,16680.0,123020381.25
1249,4441.0,110437175.0
1250,3070.0,66152250.0
1251,13025.0,100006569.5
1252,15486.0,208782100.0
1253,15834.0,193937250.0
1254,3126.0,84346533.33333333
1255,429.0,90693166.66666667
1256,2433.0,557681875.0
1257,10488.0,75232498.0
1258,1476.0,60596333.333333336
1259,9585.0,339652126.6666667
1260,13024.0,133349100.0
